iso3c;1990;1991;1992;1993;1994;1995;1996;1997;1998;1999;2000;2001;2002;2003;2004;2005;2006;2007;2008;2009;2010;2011;2012;2013;2014;2015;2016;2017;2018;2019;2020;2021
AFG;0.311;0.311;0.311;0.312;0.312;0.312;0.312;0.312;0.311;0.311;0.311;0.311;0.311;0.311;0.312;0.312;0.312;0.313;0.313;0.314;0.315;0.316;0.317;0.317;0.317;0.317;0.317;0.317;0.317;0.317;0.317;0.317
AGO;0.487;0.488;0.49;0.492;0.494;0.495;0.497;0.497;0.498;0.499;0.498;0.497;0.497;0.497;0.496;0.496;0.493;0.491;0.489;0.489;0.489;0.49;0.49;0.491;0.492;0.492;0.493;0.494;0.494;0.494;0.493;0.493
AIA;0.377;0.377;0.377;0.376;0.375;0.375;0.374;0.374;0.374;0.374;0.375;0.375;0.375;0.376;0.377;0.378;0.379;0.38;0.382;0.383;0.384;0.385;0.385;0.386;0.386;0.386;0.386;0.387;0.387;0.387;0.387;0.387
ALB;0.364;0.364;0.365;0.365;0.365;0.366;0.366;0.367;0.369;0.37;0.372;0.373;0.374;0.375;0.376;0.376;0.377;0.377;0.378;0.378;0.379;0.379;0.38;0.381;0.382;0.382;0.381;0.379;0.377;0.375;0.375;0.375
AND;0.311;0.311;0.311;0.311;0.311;0.312;0.312;0.312;0.312;0.312;0.312;0.312;0.312;0.312;0.312;0.312;0.312;0.312;0.313;0.313;0.313;0.313;0.313;0.313;0.313;0.313;0.313;0.313;0.313;0.313;0.313;0.313
ARE;0.338;0.337;0.335;0.333;0.332;0.331;0.329;0.329;0.328;0.327;0.326;0.325;0.324;0.323;0.321;0.32;0.319;0.318;0.317;0.315;0.313;0.31;0.308;0.305;0.304;0.302;0.3;0.298;0.296;0.296;0.296;0.296
ARG;0.427;0.428;0.429;0.432;0.437;0.443;0.449;0.454;0.459;0.462;0.466;0.468;0.467;0.461;0.452;0.442;0.433;0.423;0.415;0.409;0.402;0.396;0.389;0.385;0.381;0.379;0.378;0.377;0.377;0.378;0.378;0.378
ARM;0.333;0.343;0.353;0.363;0.373;0.383;0.393;0.397;0.4;0.402;0.399;0.396;0.391;0.389;0.385;0.379;0.373;0.369;0.363;0.36;0.359;0.357;0.361;0.365;0.368;0.37;0.372;0.372;0.371;0.367;0.363;0.363
ATG;0.485;0.485;0.485;0.485;0.485;0.485;0.485;0.485;0.485;0.485;0.485;0.485;0.485;0.485;0.485;0.485;0.485;0.485;0.485;0.485;0.485;0.485;0.485;0.485;0.485;0.485;0.485;0.485;0.485;0.485;0.485;0.485
AUS;0.292;0.291;0.291;0.29;0.289;0.301;0.304;0.307;0.31;0.313;0.316;0.317;0.317;0.317;0.317;0.321;0.324;0.327;0.33;0.33;0.33;0.327;0.325;0.326;0.327;0.327;0.327;0.327;0.327;0.327;0.326;0.326
AUT;0.275;0.274;0.273;0.271;0.27;0.266;0.262;0.261;0.262;0.261;0.261;0.263;0.265;0.265;0.266;0.266;0.27;0.277;0.28;0.283;0.281;0.28;0.279;0.279;0.278;0.278;0.279;0.278;0.277;0.276;0.275;0.275
AZE;0.311;0.313;0.315;0.318;0.32;0.321;0.318;0.316;0.314;0.311;0.309;0.308;0.299;0.294;0.291;0.29;0.291;0.293;0.294;0.291;0.288;0.286;0.285;0.281;0.277;0.27;0.261;0.255;0.248;0.244;0.241;0.241
BDI;0.382;0.383;0.384;0.385;0.386;0.388;0.389;0.39;0.392;0.391;0.389;0.388;0.386;0.385;0.384;0.382;0.381;0.381;0.381;0.382;0.382;0.382;0.382;0.382;0.382;0.382;0.382;0.382;0.382;0.382;0.382;0.382
BEL;0.235;0.236;0.236;0.244;0.252;0.257;0.259;0.259;0.264;0.267;0.268;0.268;0.268;0.266;0.268;0.269;0.27;0.269;0.266;0.266;0.265;0.266;0.266;0.264;0.264;0.264;0.263;0.262;0.262;0.262;0.26;0.26
BEN;0.425;0.426;0.428;0.428;0.428;0.428;0.428;0.428;0.429;0.43;0.432;0.433;0.435;0.435;0.439;0.443;0.447;0.45;0.451;0.453;0.454;0.454;0.456;0.457;0.458;0.46;0.453;0.455;0.455;0.457;0.459;0.459
BFA;0.451;0.453;0.456;0.461;0.464;0.464;0.464;0.464;0.464;0.461;0.458;0.454;0.451;0.448;0.444;0.44;0.436;0.432;0.428;0.424;0.421;0.417;0.414;0.411;0.408;0.413;0.419;0.424;0.427;0.427;0.424;0.421
BGD;0.315;0.317;0.32;0.322;0.325;0.328;0.33;0.33;0.33;0.33;0.33;0.332;0.334;0.336;0.339;0.341;0.342;0.342;0.343;0.344;0.344;0.344;0.344;0.344;0.344;0.344;0.343;0.341;0.34;0.34;0.34;0.34
BGR;0.28;0.286;0.291;0.299;0.306;0.312;0.315;0.315;0.315;0.314;0.316;0.32;0.323;0.325;0.327;0.33;0.333;0.334;0.334;0.335;0.339;0.344;0.351;0.357;0.364;0.372;0.379;0.383;0.387;0.389;0.389;0.388
BHR;0.476;0.476;0.476;0.476;0.476;0.476;0.476;0.476;0.476;0.476;0.476;0.476;0.476;0.476;0.476;0.476;0.476;0.476;0.476;0.476;0.476;0.476;0.476;0.476;0.476;0.476;0.476;0.476;0.476;0.476;0.476;0.476
BHS;0.457;0.457;0.456;0.456;0.456;0.456;0.456;0.456;0.456;0.456;0.456;0.456;0.454;0.452;0.451;0.452;0.453;0.453;0.454;0.455;0.455;0.456;0.457;0.458;0.459;0.459;0.46;0.46;0.461;0.461;0.461;0.461
BIH;0.38;0.38;0.38;0.38;0.38;0.38;0.38;0.38;0.38;0.38;0.379;0.38;0.382;0.385;0.389;0.39;0.391;0.391;0.391;0.39;0.39;0.389;0.388;0.387;0.386;0.386;0.386;0.386;0.386;0.387;0.388;0.388
BLR;0.226;0.228;0.229;0.231;0.236;0.24;0.242;0.246;0.25;0.251;0.252;0.251;0.251;0.249;0.248;0.248;0.25;0.251;0.25;0.251;0.251;0.251;0.251;0.25;0.249;0.247;0.246;0.246;0.245;0.246;0.246;0.247
BLZ;0.54;0.538;0.537;0.536;0.537;0.537;0.536;0.534;0.531;0.528;0.526;0.524;0.522;0.521;0.521;0.52;0.519;0.518;0.518;0.517;0.517;0.518;0.518;0.518;0.519;0.519;0.519;0.519;0.519;0.519;0.519;0.519
BOL;0.487;0.489;0.489;0.496;0.503;0.51;0.517;0.523;0.53;0.538;0.544;0.543;0.541;0.534;0.528;0.524;0.515;0.503;0.486;0.472;0.461;0.45;0.445;0.441;0.436;0.43;0.423;0.416;0.409;0.404;0.404;0.403
BRA;0.548;0.543;0.539;0.538;0.539;0.539;0.539;0.538;0.536;0.533;0.53;0.526;0.522;0.516;0.508;0.504;0.502;0.492;0.484;0.478;0.474;0.47;0.47;0.463;0.463;0.465;0.478;0.481;0.481;0.476;0.466;0.467
BRB;0.455;0.456;0.456;0.456;0.456;0.456;0.456;0.456;0.456;0.456;0.456;0.456;0.456;0.457;0.457;0.457;0.457;0.457;0.457;0.458;0.458;0.456;0.454;0.452;0.45;0.449;0.447;0.445;0.445;0.445;0.445;0.445
BRN;0.427;0.429;0.43;0.431;0.432;0.433;0.434;0.434;0.431;0.429;0.427;0.424;0.422;0.423;0.423;0.425;0.427;0.43;0.426;0.422;0.418;0.414;0.409;0.402;0.394;0.394;0.394;0.394;0.394;0.394;0.394;0.395
BTN;0.404;0.405;0.405;0.405;0.406;0.407;0.407;0.408;0.408;0.408;0.409;0.409;0.409;0.408;0.408;0.408;0.406;0.405;0.404;0.404;0.403;0.402;0.402;0.401;0.401;0.4;0.4;0.399;0.399;0.399;0.399;0.399
BWA;0.563;0.563;0.564;0.565;0.565;0.566;0.568;0.569;0.571;0.572;0.573;0.575;0.576;0.575;0.574;0.574;0.575;0.575;0.576;0.577;0.577;0.576;0.575;0.575;0.574;0.574;0.574;0.574;0.574;0.574;0.575;0.575
CAF;0.537;0.537;0.536;0.536;0.536;0.536;0.536;0.536;0.535;0.535;0.535;0.535;0.535;0.534;0.534;0.535;0.536;0.537;0.539;0.54;0.542;0.542;0.543;0.544;0.545;0.546;0.547;0.549;0.549;0.55;0.549;0.549
CAN;0.286;0.287;0.294;0.293;0.289;0.297;0.302;0.307;0.31;0.312;0.315;0.317;0.317;0.318;0.319;0.319;0.318;0.318;0.319;0.319;0.318;0.316;0.317;0.318;0.316;0.316;0.311;0.311;0.306;0.299;0.294;0.294
CHE;0.307;0.307;0.306;0.304;0.301;0.299;0.297;0.295;0.292;0.288;0.283;0.278;0.276;0.275;0.277;0.285;0.294;0.3;0.301;0.298;0.296;0.293;0.292;0.295;0.297;0.298;0.3;0.302;0.303;0.306;0.306;0.306
CHL;0.505;0.504;0.506;0.506;0.506;0.506;0.507;0.507;0.508;0.508;0.507;0.505;0.502;0.499;0.493;0.486;0.48;0.478;0.476;0.474;0.47;0.467;0.464;0.461;0.458;0.455;0.456;0.457;0.456;0.455;0.454;0.454
CHN;0.321;0.327;0.338;0.347;0.353;0.356;0.358;0.362;0.368;0.376;0.386;0.398;0.411;0.416;0.421;0.424;0.427;0.43;0.433;0.432;0.431;0.43;0.422;0.413;0.415;0.413;0.413;0.414;0.414;0.415;0.416;0.417
CIV;0.414;0.415;0.415;0.415;0.414;0.414;0.414;0.416;0.416;0.416;0.417;0.417;0.417;0.417;0.419;0.421;0.423;0.426;0.428;0.43;0.431;0.433;0.435;0.437;0.438;0.44;0.44;0.441;0.441;0.442;0.442;0.442
CMR;0.432;0.433;0.433;0.434;0.435;0.435;0.436;0.436;0.436;0.436;0.437;0.437;0.438;0.438;0.439;0.439;0.44;0.441;0.442;0.442;0.443;0.444;0.445;0.445;0.446;0.447;0.448;0.449;0.449;0.45;0.45;0.449
COD;0.429;0.429;0.429;0.429;0.43;0.43;0.43;0.43;0.43;0.43;0.43;0.43;0.43;0.43;0.43;0.431;0.431;0.431;0.431;0.431;0.431;0.431;0.431;0.431;0.431;0.431;0.431;0.431;0.431;0.431;0.431;0.431
COG;0.462;0.462;0.463;0.463;0.463;0.463;0.463;0.463;0.464;0.464;0.465;0.465;0.464;0.464;0.466;0.467;0.469;0.47;0.471;0.473;0.474;0.475;0.476;0.477;0.477;0.477;0.477;0.478;0.478;0.479;0.478;0.478
COL;0.479;0.483;0.488;0.494;0.499;0.504;0.507;0.511;0.512;0.514;0.514;0.514;0.517;0.509;0.512;0.514;0.516;0.532;0.524;0.513;0.509;0.5;0.492;0.49;0.486;0.475;0.47;0.463;0.468;0.48;0.494;0.492
COM;0.555;0.555;0.555;0.555;0.554;0.554;0.553;0.553;0.553;0.552;0.552;0.551;0.55;0.55;0.549;0.549;0.548;0.546;0.545;0.543;0.542;0.541;0.539;0.538;0.537;0.536;0.535;0.534;0.533;0.533;0.533;0.532
CPV;0.494;0.495;0.495;0.495;0.496;0.497;0.498;0.498;0.499;0.5;0.501;0.502;0.501;0.5;0.498;0.496;0.494;0.492;0.491;0.49;0.488;0.487;0.486;0.485;0.484;0.483;0.482;0.481;0.48;0.479;0.479;0.479
CRI;0.412;0.416;0.419;0.421;0.423;0.425;0.427;0.43;0.434;0.44;0.447;0.455;0.458;0.456;0.454;0.453;0.455;0.457;0.458;0.461;0.461;0.463;0.465;0.467;0.466;0.465;0.465;0.464;0.464;0.466;0.47;0.472
CUB;0.545;0.545;0.546;0.546;0.546;0.546;0.546;0.546;0.546;0.546;0.546;0.546;0.546;0.546;0.547;0.547;0.547;0.547;0.547;0.547;0.547;0.548;0.548;0.548;0.548;0.548;0.547;0.547;0.547;0.547;0.547;0.547
CYP;0.3;0.299;0.298;0.298;0.297;0.296;0.295;0.295;0.294;0.294;0.293;0.292;0.292;0.292;0.291;0.291;0.292;0.293;0.294;0.296;0.298;0.3;0.302;0.304;0.304;0.304;0.302;0.301;0.301;0.301;0.301;0.301
CZE;0.199;0.204;0.208;0.215;0.228;0.238;0.251;0.248;0.245;0.246;0.249;0.251;0.254;0.256;0.258;0.257;0.255;0.253;0.252;0.252;0.253;0.252;0.251;0.253;0.252;0.251;0.249;0.245;0.244;0.244;0.244;0.244
DEU;0.26;0.263;0.262;0.26;0.259;0.257;0.254;0.254;0.255;0.259;0.262;0.268;0.27;0.27;0.274;0.282;0.284;0.286;0.286;0.286;0.287;0.288;0.29;0.291;0.291;0.293;0.294;0.296;0.297;0.297;0.298;0.298
DJI;0.421;0.42;0.417;0.414;0.411;0.408;0.408;0.409;0.41;0.411;0.412;0.413;0.414;0.415;0.416;0.418;0.419;0.42;0.422;0.423;0.424;0.426;0.427;0.428;0.428;0.428;0.428;0.428;0.428;0.428;0.428;0.428
DMA;0.441;0.441;0.441;0.442;0.444;0.446;0.447;0.449;0.449;0.45;0.45;0.451;0.451;0.453;0.455;0.457;0.459;0.46;0.462;0.463;0.463;0.464;0.465;0.465;0.467;0.468;0.468;0.469;0.47;0.471;0.47;0.47
DNK;0.225;0.227;0.233;0.228;0.221;0.22;0.219;0.222;0.223;0.225;0.226;0.228;0.23;0.231;0.231;0.237;0.244;0.242;0.246;0.249;0.251;0.252;0.253;0.252;0.257;0.259;0.258;0.263;0.265;0.267;0.269;0.269
DOM;0.454;0.455;0.455;0.454;0.454;0.453;0.453;0.457;0.462;0.467;0.472;0.472;0.474;0.48;0.482;0.479;0.481;0.475;0.465;0.461;0.455;0.45;0.443;0.439;0.427;0.419;0.409;0.401;0.397;0.389;0.381;0.381
DZA;0.372;0.37;0.369;0.368;0.366;0.365;0.363;0.362;0.361;0.359;0.358;0.357;0.355;0.354;0.353;0.352;0.35;0.349;0.347;0.346;0.344;0.342;0.339;0.336;0.334;0.331;0.328;0.327;0.325;0.324;0.324;0.325
ECU;0.508;0.513;0.518;0.518;0.518;0.519;0.519;0.52;0.52;0.519;0.514;0.509;0.504;0.5;0.495;0.49;0.485;0.478;0.467;0.457;0.449;0.44;0.434;0.431;0.426;0.424;0.421;0.42;0.42;0.422;0.423;0.423
EGY;0.385;0.386;0.388;0.389;0.39;0.392;0.394;0.397;0.398;0.399;0.401;0.399;0.397;0.394;0.392;0.391;0.391;0.39;0.389;0.393;0.395;0.405;0.415;0.411;0.408;0.405;0.404;0.403;0.403;0.402;0.402;0.402
ERI;0.415;0.415;0.414;0.414;0.414;0.414;0.414;0.414;0.414;0.414;0.414;0.414;0.414;0.416;0.418;0.42;0.422;0.424;0.426;0.428;0.43;0.432;0.434;0.432;0.429;0.426;0.423;0.42;0.418;0.417;0.417;0.416
ESH;0.375;0.377;0.381;0.381;0.381;0.38;0.391;0.391;0.377;0.377;0.376;0.39;0.39;0.389;0.388;0.388;0.387;0.385;0.389;0.394;0.395;0.398;0.398;0.397;0.398;0.398;0.398;0.397;0.397;0.398;0.403;0.401
ESP;0.296;0.295;0.296;0.31;0.317;0.324;0.317;0.317;0.31;0.306;0.305;0.295;0.291;0.302;0.311;0.311;0.312;0.312;0.319;0.325;0.333;0.333;0.334;0.338;0.335;0.335;0.334;0.327;0.323;0.319;0.32;0.319
EST;0.286;0.298;0.311;0.323;0.33;0.335;0.34;0.347;0.352;0.354;0.353;0.35;0.346;0.345;0.342;0.337;0.332;0.322;0.318;0.318;0.321;0.325;0.329;0.335;0.331;0.324;0.316;0.31;0.307;0.308;0.309;0.31
ETH;0.366;0.364;0.362;0.357;0.352;0.345;0.341;0.337;0.333;0.329;0.327;0.326;0.325;0.324;0.323;0.324;0.324;0.325;0.325;0.326;0.326;0.327;0.328;0.329;0.329;0.33;0.328;0.328;0.327;0.326;0.327;0.327
FIN;0.211;0.21;0.214;0.22;0.222;0.222;0.229;0.236;0.242;0.246;0.251;0.251;0.25;0.251;0.254;0.255;0.257;0.258;0.254;0.252;0.256;0.255;0.253;0.256;0.253;0.255;0.257;0.259;0.261;0.262;0.26;0.261
FJI;0.42;0.42;0.419;0.418;0.416;0.415;0.413;0.412;0.411;0.41;0.409;0.407;0.406;0.404;0.404;0.405;0.403;0.402;0.401;0.398;0.398;0.397;0.397;0.396;0.395;0.394;0.394;0.393;0.393;0.393;0.394;0.394
FRA;0.291;0.29;0.29;0.289;0.289;0.287;0.286;0.285;0.284;0.29;0.293;0.292;0.29;0.289;0.29;0.294;0.297;0.298;0.299;0.301;0.307;0.311;0.309;0.301;0.299;0.299;0.297;0.298;0.301;0.3;0.3;0.3
FSM;0.426;0.426;0.425;0.425;0.425;0.425;0.425;0.425;0.425;0.425;0.425;0.425;0.425;0.425;0.425;0.425;0.425;0.424;0.424;0.424;0.424;0.423;0.423;0.423;0.423;0.423;0.423;0.423;0.423;0.423;0.423;0.423
GAB;0.405;0.405;0.405;0.405;0.405;0.405;0.405;0.405;0.405;0.405;0.405;0.405;0.405;0.405;0.405;0.405;0.405;0.404;0.404;0.404;0.404;0.404;0.404;0.403;0.403;0.403;0.403;0.402;0.402;0.402;0.402;0.402
GBR;0.316;0.322;0.321;0.327;0.335;0.337;0.337;0.339;0.343;0.346;0.348;0.345;0.337;0.331;0.33;0.332;0.333;0.329;0.328;0.326;0.32;0.314;0.311;0.307;0.311;0.313;0.312;0.312;0.314;0.313;0.314;0.319
GEO;0.322;0.332;0.342;0.352;0.362;0.371;0.381;0.391;0.398;0.4;0.401;0.401;0.4;0.399;0.401;0.404;0.407;0.412;0.417;0.422;0.423;0.418;0.412;0.405;0.399;0.395;0.391;0.388;0.382;0.379;0.375;0.373
GHA;0.392;0.393;0.395;0.397;0.398;0.4;0.402;0.404;0.406;0.408;0.41;0.412;0.414;0.416;0.419;0.421;0.422;0.423;0.424;0.425;0.426;0.427;0.429;0.429;0.43;0.43;0.43;0.432;0.433;0.433;0.433;0.433
GIN;0.434;0.433;0.433;0.433;0.433;0.432;0.429;0.427;0.425;0.422;0.42;0.418;0.415;0.412;0.408;0.404;0.4;0.397;0.394;0.392;0.389;0.386;0.383;0.381;0.381;0.381;0.382;0.382;0.383;0.385;0.385;0.386
GMB;0.447;0.448;0.449;0.449;0.449;0.449;0.449;0.449;0.449;0.448;0.447;0.446;0.445;0.443;0.441;0.438;0.435;0.432;0.43;0.427;0.424;0.421;0.418;0.416;0.413;0.41;0.409;0.408;0.408;0.408;0.408;0.408
GNB;0.411;0.413;0.412;0.412;0.412;0.412;0.412;0.412;0.411;0.411;0.411;0.411;0.411;0.414;0.418;0.421;0.425;0.428;0.432;0.436;0.44;0.443;0.446;0.448;0.45;0.453;0.456;0.458;0.458;0.459;0.459;0.459
GNQ;0.492;0.492;0.492;0.492;0.492;0.492;0.492;0.492;0.492;0.492;0.492;0.492;0.492;0.492;0.492;0.492;0.492;0.492;0.492;0.492;0.492;0.492;0.492;0.492;0.492;0.492;0.492;0.492;0.492;0.492;0.492;0.492
GRC;0.338;0.339;0.34;0.341;0.342;0.345;0.344;0.342;0.34;0.338;0.336;0.333;0.331;0.328;0.328;0.328;0.327;0.325;0.324;0.325;0.328;0.332;0.334;0.333;0.331;0.327;0.322;0.315;0.31;0.309;0.309;0.309
GRD;0.459;0.46;0.462;0.465;0.467;0.47;0.47;0.469;0.469;0.469;0.468;0.467;0.465;0.465;0.463;0.462;0.461;0.46;0.459;0.458;0.457;0.456;0.455;0.455;0.455;0.454;0.454;0.454;0.454;0.454;0.455;0.455
GRL;0.341;0.341;0.342;0.342;0.342;0.343;0.343;0.343;0.344;0.344;0.345;0.345;0.346;0.346;0.346;0.345;0.346;0.346;0.347;0.347;0.348;0.348;0.349;0.35;0.351;0.352;0.352;0.352;0.352;0.352;0.352;0.352
GTM;0.5;0.5;0.5;0.5;0.5;0.499;0.499;0.499;0.499;0.501;0.503;0.502;0.501;0.494;0.485;0.483;0.482;0.48;0.478;0.476;0.474;0.471;0.464;0.457;0.451;0.449;0.45;0.446;0.443;0.442;0.44;0.44
GUY;0.47;0.47;0.471;0.472;0.473;0.473;0.473;0.474;0.474;0.475;0.477;0.478;0.479;0.48;0.482;0.483;0.484;0.486;0.486;0.486;0.486;0.486;0.487;0.487;0.487;0.487;0.487;0.487;0.486;0.486;0.486;0.486
HKG;0.385;0.386;0.388;0.39;0.392;0.394;0.395;0.396;0.397;0.398;0.399;0.4;0.401;0.402;0.402;0.403;0.404;0.405;0.405;0.406;0.406;0.407;0.406;0.407;0.407;0.407;0.407;0.408;0.409;0.409;0.409;0.409
HND;0.493;0.491;0.492;0.493;0.496;0.497;0.498;0.496;0.497;0.5;0.506;0.513;0.519;0.524;0.527;0.527;0.523;0.517;0.509;0.5;0.496;0.491;0.487;0.479;0.472;0.467;0.465;0.462;0.46;0.459;0.459;0.459
HRV;0.286;0.286;0.285;0.285;0.285;0.285;0.285;0.285;0.285;0.281;0.277;0.273;0.269;0.267;0.267;0.267;0.267;0.271;0.277;0.283;0.289;0.292;0.295;0.296;0.297;0.297;0.296;0.295;0.295;0.294;0.295;0.295
HTI;0.545;0.544;0.544;0.543;0.542;0.541;0.541;0.541;0.541;0.542;0.542;0.542;0.542;0.542;0.543;0.543;0.543;0.544;0.544;0.545;0.545;0.546;0.546;0.546;0.546;0.546;0.546;0.546;0.546;0.546;0.546;0.546
HUN;0.242;0.258;0.266;0.27;0.28;0.281;0.281;0.28;0.279;0.279;0.276;0.275;0.277;0.283;0.286;0.288;0.281;0.276;0.272;0.272;0.276;0.28;0.284;0.286;0.285;0.285;0.284;0.284;0.283;0.283;0.283;0.282
IDN;0.418;0.42;0.421;0.424;0.424;0.425;0.426;0.422;0.419;0.416;0.414;0.414;0.416;0.419;0.423;0.428;0.432;0.437;0.442;0.449;0.456;0.463;0.468;0.472;0.474;0.475;0.475;0.475;0.474;0.474;0.474;0.474
IND;0.423;0.422;0.423;0.424;0.427;0.429;0.43;0.433;0.434;0.435;0.437;0.443;0.45;0.459;0.467;0.456;0.45;0.448;0.449;0.453;0.462;0.473;0.453;0.438;0.427;0.422;0.415;0.411;0.408;0.406;0.405;0.405
IRL;0.327;0.328;0.329;0.33;0.331;0.331;0.329;0.328;0.325;0.322;0.318;0.314;0.313;0.314;0.314;0.313;0.311;0.307;0.305;0.305;0.304;0.305;0.305;0.304;0.301;0.299;0.298;0.294;0.29;0.287;0.286;0.284
IRN;0.434;0.434;0.433;0.43;0.428;0.427;0.426;0.425;0.424;0.424;0.423;0.422;0.419;0.416;0.414;0.411;0.408;0.404;0.399;0.395;0.389;0.383;0.379;0.378;0.379;0.38;0.382;0.384;0.384;0.386;0.386;0.387
IRQ;0.287;0.29;0.292;0.294;0.298;0.302;0.306;0.309;0.313;0.317;0.32;0.323;0.326;0.33;0.332;0.334;0.335;0.336;0.336;0.335;0.335;0.335;0.334;0.333;0.332;0.331;0.331;0.331;0.331;0.331;0.331;0.331
ISL;0.275;0.277;0.278;0.277;0.277;0.28;0.285;0.29;0.295;0.3;0.305;0.307;0.305;0.298;0.291;0.291;0.292;0.288;0.286;0.27;0.26;0.254;0.25;0.246;0.247;0.248;0.248;0.245;0.245;0.244;0.244;0.244
ISR;0.319;0.317;0.315;0.32;0.326;0.332;0.335;0.338;0.342;0.346;0.35;0.353;0.359;0.364;0.369;0.372;0.373;0.373;0.375;0.376;0.375;0.372;0.37;0.365;0.36;0.355;0.349;0.346;0.344;0.344;0.342;0.341
ITA;0.317;0.313;0.321;0.329;0.331;0.333;0.332;0.332;0.334;0.332;0.334;0.335;0.333;0.332;0.331;0.329;0.328;0.325;0.326;0.327;0.329;0.333;0.335;0.335;0.336;0.337;0.338;0.338;0.337;0.337;0.337;0.338
JAM;0.438;0.438;0.436;0.435;0.435;0.435;0.436;0.437;0.438;0.44;0.441;0.442;0.443;0.442;0.441;0.439;0.437;0.435;0.434;0.433;0.433;0.433;0.432;0.431;0.43;0.428;0.427;0.427;0.427;0.427;0.427;0.428
JOR;0.387;0.388;0.39;0.389;0.387;0.386;0.385;0.383;0.382;0.381;0.381;0.38;0.379;0.377;0.374;0.373;0.37;0.369;0.367;0.367;0.366;0.366;0.366;0.366;0.366;0.367;0.367;0.368;0.367;0.367;0.367;0.367
JPN;0.277;0.281;0.284;0.284;0.286;0.291;0.295;0.298;0.3;0.302;0.305;0.306;0.307;0.304;0.297;0.297;0.298;0.3;0.308;0.312;0.314;0.317;0.319;0.317;0.316;0.322;0.324;0.325;0.327;0.328;0.328;0.329
KAZ;0.292;0.295;0.298;0.302;0.305;0.308;0.311;0.312;0.312;0.313;0.314;0.315;0.312;0.31;0.307;0.304;0.299;0.294;0.289;0.284;0.281;0.279;0.277;0.275;0.274;0.274;0.274;0.275;0.275;0.276;0.277;0.277
KEN;0.483;0.482;0.48;0.478;0.475;0.474;0.472;0.471;0.47;0.469;0.468;0.467;0.466;0.465;0.464;0.463;0.462;0.46;0.459;0.457;0.456;0.455;0.454;0.453;0.451;0.45;0.45;0.449;0.449;0.448;0.448;0.447
KGZ;0.299;0.305;0.312;0.327;0.343;0.352;0.362;0.368;0.369;0.365;0.359;0.354;0.35;0.349;0.353;0.355;0.356;0.353;0.348;0.344;0.34;0.337;0.335;0.334;0.332;0.33;0.327;0.324;0.323;0.321;0.32;0.32
KHM;0.365;0.366;0.367;0.367;0.367;0.368;0.369;0.37;0.369;0.368;0.367;0.367;0.366;0.365;0.364;0.363;0.363;0.362;0.361;0.359;0.358;0.357;0.355;0.353;0.352;0.35;0.349;0.348;0.347;0.347;0.347;0.347
KIR;0.387;0.387;0.387;0.387;0.387;0.387;0.387;0.387;0.387;0.387;0.387;0.387;0.387;0.387;0.387;0.387;0.387;0.387;0.387;0.387;0.387;0.387;0.387;0.387;0.387;0.387;0.387;0.387;0.387;0.387;0.387;0.387
KNA;0.428;0.428;0.428;0.428;0.429;0.429;0.429;0.429;0.43;0.43;0.43;0.43;0.431;0.431;0.431;0.432;0.432;0.432;0.432;0.433;0.433;0.434;0.434;0.434;0.434;0.434;0.434;0.434;0.434;0.434;0.434;0.435
KOR;0.321;0.317;0.315;0.315;0.315;0.318;0.321;0.325;0.331;0.333;0.33;0.33;0.328;0.323;0.321;0.318;0.313;0.316;0.316;0.319;0.318;0.325;0.318;0.321;0.313;0.319;0.319;0.332;0.336;0.337;0.336;0.336
KWT;0.362;0.362;0.361;0.361;0.36;0.36;0.36;0.359;0.359;0.359;0.359;0.359;0.359;0.359;0.359;0.359;0.359;0.359;0.36;0.359;0.359;0.359;0.359;0.359;0.358;0.358;0.359;0.359;0.359;0.359;0.359;0.359
LAO;0.342;0.342;0.342;0.343;0.344;0.345;0.347;0.348;0.348;0.349;0.349;0.349;0.35;0.351;0.352;0.354;0.355;0.357;0.358;0.359;0.36;0.361;0.362;0.363;0.364;0.365;0.365;0.366;0.367;0.368;0.367;0.367
LBN;0.375;0.376;0.377;0.379;0.38;0.379;0.378;0.377;0.376;0.375;0.374;0.373;0.373;0.372;0.371;0.369;0.368;0.366;0.364;0.363;0.361;0.36;0.359;0.359;0.359;0.361;0.363;0.365;0.366;0.366;0.365;0.364
LBR;0.366;0.366;0.366;0.366;0.366;0.366;0.366;0.366;0.366;0.366;0.367;0.367;0.368;0.368;0.368;0.368;0.368;0.368;0.367;0.366;0.365;0.365;0.364;0.363;0.363;0.363;0.363;0.363;0.363;0.363;0.363;0.363
LBY;0.322;0.322;0.323;0.323;0.323;0.324;0.324;0.324;0.324;0.324;0.324;0.324;0.325;0.325;0.324;0.324;0.324;0.324;0.323;0.323;0.323;0.323;0.323;0.323;0.324;0.324;0.324;0.324;0.324;0.324;0.325;0.325
LCA;0.47;0.469;0.467;0.466;0.464;0.463;0.463;0.464;0.464;0.465;0.465;0.465;0.466;0.466;0.467;0.468;0.468;0.468;0.468;0.468;0.468;0.469;0.469;0.469;0.469;0.47;0.47;0.471;0.471;0.472;0.472;0.473
LKA;0.429;0.432;0.436;0.439;0.443;0.446;0.449;0.453;0.457;0.461;0.465;0.469;0.473;0.475;0.478;0.481;0.483;0.484;0.484;0.484;0.484;0.484;0.485;0.485;0.486;0.486;0.487;0.487;0.486;0.485;0.485;0.485
LSO;0.534;0.533;0.532;0.531;0.53;0.528;0.525;0.523;0.521;0.518;0.516;0.513;0.511;0.51;0.508;0.507;0.506;0.505;0.503;0.502;0.501;0.499;0.498;0.496;0.494;0.492;0.49;0.488;0.486;0.486;0.486;0.486
LTU;0.269;0.279;0.289;0.299;0.307;0.31;0.314;0.315;0.316;0.318;0.32;0.322;0.324;0.33;0.336;0.336;0.333;0.334;0.34;0.34;0.336;0.336;0.343;0.349;0.355;0.359;0.361;0.361;0.358;0.355;0.354;0.354
LUX;0.243;0.243;0.244;0.246;0.247;0.252;0.255;0.258;0.26;0.26;0.261;0.261;0.264;0.265;0.269;0.272;0.273;0.276;0.28;0.278;0.278;0.28;0.286;0.284;0.283;0.286;0.289;0.293;0.296;0.296;0.296;0.295
LVA;0.261;0.265;0.268;0.274;0.283;0.292;0.3;0.308;0.315;0.322;0.327;0.333;0.34;0.346;0.351;0.354;0.354;0.356;0.357;0.357;0.356;0.355;0.354;0.352;0.35;0.348;0.348;0.348;0.349;0.349;0.35;0.349
MAR;0.403;0.403;0.403;0.403;0.404;0.404;0.404;0.404;0.404;0.405;0.405;0.406;0.406;0.406;0.406;0.407;0.407;0.407;0.407;0.407;0.407;0.406;0.406;0.406;0.406;0.406;0.406;0.406;0.406;0.406;0.406;0.406
MDA;0.324;0.331;0.339;0.347;0.355;0.363;0.371;0.379;0.384;0.386;0.386;0.385;0.382;0.378;0.377;0.376;0.374;0.371;0.366;0.362;0.355;0.348;0.341;0.333;0.326;0.32;0.317;0.313;0.311;0.312;0.312;0.312
MDG;0.438;0.438;0.438;0.438;0.438;0.437;0.437;0.436;0.436;0.436;0.437;0.438;0.437;0.435;0.434;0.433;0.432;0.432;0.432;0.432;0.432;0.432;0.432;0.432;0.431;0.431;0.433;0.433;0.432;0.432;0.432;0.432
MDV;0.364;0.367;0.373;0.381;0.386;0.389;0.391;0.39;0.391;0.391;0.392;0.391;0.391;0.391;0.39;0.39;0.39;0.39;0.39;0.39;0.39;0.388;0.387;0.385;0.384;0.382;0.381;0.38;0.38;0.38;0.381;0.381
MEX;0.481;0.485;0.489;0.492;0.494;0.495;0.494;0.494;0.493;0.49;0.488;0.483;0.479;0.475;0.471;0.468;0.465;0.467;0.468;0.464;0.46;0.458;0.456;0.453;0.449;0.443;0.436;0.432;0.429;0.427;0.426;0.426
MKD;0.287;0.29;0.293;0.296;0.301;0.301;0.303;0.305;0.307;0.312;0.318;0.323;0.329;0.334;0.34;0.345;0.349;0.351;0.353;0.352;0.35;0.346;0.342;0.337;0.332;0.328;0.325;0.322;0.32;0.32;0.321;0.32
MLI;0.443;0.442;0.432;0.422;0.418;0.415;0.413;0.411;0.408;0.406;0.403;0.401;0.4;0.399;0.398;0.395;0.392;0.389;0.386;0.383;0.385;0.387;0.38;0.372;0.363;0.357;0.352;0.349;0.35;0.357;0.359;0.36
MLT;0.285;0.285;0.285;0.285;0.285;0.285;0.285;0.285;0.285;0.285;0.283;0.282;0.28;0.278;0.277;0.275;0.274;0.273;0.273;0.273;0.272;0.272;0.273;0.273;0.274;0.275;0.276;0.277;0.279;0.28;0.282;0.282
MMR;0.301;0.305;0.308;0.311;0.314;0.317;0.32;0.322;0.323;0.325;0.327;0.328;0.329;0.33;0.331;0.332;0.332;0.333;0.333;0.333;0.334;0.335;0.336;0.336;0.337;0.337;0.337;0.336;0.336;0.335;0.335;0.336
MNE;0.376;0.375;0.375;0.375;0.376;0.376;0.376;0.376;0.377;0.377;0.378;0.378;0.379;0.38;0.38;0.38;0.38;0.381;0.381;0.381;0.38;0.381;0.381;0.379;0.377;0.374;0.372;0.369;0.368;0.367;0.367;0.367
MNG;0.336;0.336;0.336;0.337;0.337;0.338;0.338;0.338;0.338;0.338;0.338;0.339;0.339;0.34;0.34;0.341;0.341;0.342;0.341;0.34;0.34;0.34;0.339;0.339;0.339;0.338;0.338;0.338;0.338;0.338;0.337;0.337
MOZ;0.435;0.435;0.437;0.439;0.44;0.442;0.443;0.441;0.442;0.444;0.445;0.446;0.448;0.447;0.447;0.448;0.449;0.451;0.452;0.453;0.456;0.458;0.461;0.464;0.467;0.468;0.47;0.472;0.473;0.474;0.474;0.473
MRT;0.411;0.411;0.411;0.411;0.409;0.406;0.405;0.405;0.404;0.404;0.403;0.401;0.4;0.399;0.398;0.395;0.391;0.387;0.384;0.381;0.378;0.375;0.372;0.369;0.367;0.367;0.368;0.368;0.369;0.37;0.37;0.371
MUS;0.376;0.376;0.376;0.376;0.376;0.376;0.376;0.377;0.377;0.377;0.376;0.376;0.376;0.376;0.377;0.377;0.377;0.378;0.379;0.379;0.38;0.381;0.381;0.381;0.381;0.381;0.381;0.381;0.381;0.381;0.381;0.381
MWI;0.488;0.488;0.489;0.489;0.489;0.489;0.49;0.49;0.485;0.481;0.476;0.472;0.467;0.462;0.457;0.454;0.454;0.453;0.453;0.452;0.452;0.451;0.45;0.449;0.45;0.45;0.45;0.449;0.448;0.449;0.449;0.448
MYS;0.435;0.434;0.433;0.432;0.431;0.43;0.43;0.428;0.427;0.425;0.424;0.422;0.421;0.419;0.417;0.414;0.413;0.411;0.409;0.407;0.405;0.403;0.401;0.399;0.397;0.396;0.396;0.395;0.395;0.395;0.396;0.396
NAM;0.654;0.654;0.654;0.654;0.654;0.654;0.653;0.653;0.652;0.652;0.651;0.651;0.65;0.65;0.649;0.649;0.647;0.646;0.645;0.643;0.643;0.642;0.641;0.64;0.639;0.638;0.638;0.637;0.637;0.636;0.637;0.637
NER;0.392;0.391;0.391;0.391;0.392;0.392;0.392;0.392;0.393;0.393;0.393;0.393;0.393;0.394;0.394;0.394;0.391;0.387;0.384;0.381;0.377;0.374;0.373;0.372;0.371;0.371;0.371;0.371;0.371;0.371;0.371;0.371
NGA;0.427;0.428;0.429;0.43;0.43;0.431;0.432;0.431;0.43;0.429;0.428;0.427;0.426;0.425;0.425;0.425;0.425;0.425;0.425;0.425;0.424;0.423;0.422;0.42;0.419;0.418;0.416;0.415;0.414;0.413;0.413;0.413
NIC;0.523;0.522;0.521;0.516;0.513;0.511;0.509;0.507;0.505;0.501;0.497;0.493;0.487;0.48;0.473;0.466;0.459;0.452;0.445;0.438;0.438;0.438;0.438;0.437;0.437;0.432;0.432;0.427;0.423;0.42;0.423;0.423
NLD;0.255;0.256;0.257;0.26;0.262;0.261;0.257;0.253;0.25;0.245;0.251;0.255;0.258;0.261;0.263;0.265;0.267;0.268;0.266;0.263;0.26;0.261;0.262;0.266;0.27;0.272;0.273;0.274;0.273;0.275;0.274;0.274
NOR;0.224;0.227;0.228;0.233;0.239;0.242;0.244;0.246;0.244;0.245;0.248;0.246;0.259;0.265;0.264;0.265;0.253;0.247;0.246;0.245;0.247;0.245;0.247;0.252;0.253;0.258;0.26;0.258;0.258;0.26;0.262;0.262
NPL;0.372;0.373;0.374;0.374;0.375;0.376;0.376;0.378;0.379;0.38;0.381;0.382;0.383;0.384;0.384;0.382;0.38;0.378;0.376;0.375;0.373;0.372;0.371;0.37;0.369;0.368;0.367;0.367;0.366;0.366;0.366;0.365
NRU;0.415;0.413;0.411;0.409;0.406;0.405;0.405;0.404;0.405;0.405;0.406;0.406;0.407;0.407;0.407;0.407;0.406;0.405;0.404;0.403;0.402;0.401;0.4;0.399;0.398;0.397;0.397;0.396;0.396;0.396;0.396;0.396
NZL;0.305;0.315;0.317;0.32;0.323;0.327;0.33;0.33;0.329;0.329;0.328;0.327;0.326;0.325;0.325;0.324;0.323;0.323;0.32;0.32;0.32;0.321;0.323;0.326;0.327;0.326;0.325;0.323;0.321;0.318;0.316;0.316
OMN;0.395;0.394;0.392;0.39;0.388;0.387;0.386;0.385;0.384;0.382;0.381;0.379;0.377;0.376;0.374;0.372;0.37;0.368;0.366;0.365;0.364;0.363;0.363;0.363;0.363;0.363;0.363;0.363;0.362;0.362;0.362;0.362
PAK;0.343;0.343;0.342;0.341;0.341;0.34;0.34;0.341;0.342;0.342;0.341;0.341;0.343;0.344;0.345;0.346;0.345;0.345;0.346;0.345;0.344;0.345;0.345;0.344;0.344;0.344;0.344;0.344;0.344;0.344;0.344;0.344
PAN;0.511;0.513;0.513;0.513;0.513;0.514;0.515;0.516;0.513;0.511;0.512;0.513;0.511;0.508;0.502;0.496;0.494;0.488;0.483;0.479;0.477;0.475;0.473;0.469;0.466;0.465;0.462;0.46;0.458;0.459;0.46;0.461
PER;0.537;0.536;0.534;0.533;0.531;0.53;0.527;0.525;0.525;0.521;0.511;0.513;0.521;0.525;0.523;0.517;0.51;0.503;0.494;0.486;0.479;0.471;0.465;0.459;0.453;0.452;0.45;0.446;0.444;0.442;0.449;0.447
PHL;0.42;0.421;0.422;0.423;0.424;0.425;0.427;0.428;0.427;0.426;0.426;0.425;0.424;0.423;0.422;0.421;0.421;0.42;0.419;0.419;0.417;0.416;0.414;0.413;0.411;0.409;0.408;0.407;0.405;0.405;0.405;0.405
PLW;0.451;0.451;0.451;0.451;0.452;0.453;0.453;0.453;0.454;0.454;0.455;0.456;0.457;0.457;0.458;0.459;0.46;0.462;0.464;0.465;0.467;0.468;0.47;0.471;0.473;0.474;0.475;0.476;0.477;0.478;0.478;0.478
PNG;0.468;0.468;0.469;0.469;0.47;0.471;0.471;0.471;0.471;0.471;0.471;0.471;0.471;0.471;0.471;0.471;0.47;0.469;0.468;0.467;0.467;0.467;0.467;0.466;0.466;0.466;0.466;0.465;0.465;0.465;0.465;0.465
POL;0.234;0.237;0.254;0.265;0.277;0.298;0.282;0.282;0.282;0.286;0.288;0.289;0.293;0.304;0.313;0.314;0.312;0.312;0.311;0.311;0.312;0.314;0.316;0.316;0.312;0.304;0.292;0.29;0.292;0.293;0.297;0.297
PRI;0.484;0.485;0.486;0.487;0.488;0.489;0.49;0.491;0.492;0.493;0.494;0.494;0.494;0.495;0.495;0.496;0.496;0.497;0.497;0.497;0.498;0.498;0.498;0.499;0.5;0.5;0.501;0.502;0.502;0.502;0.502;0.502
PRK;0.321;0.321;0.321;0.321;0.321;0.321;0.321;0.321;0.321;0.321;0.321;0.321;0.321;0.321;0.321;0.321;0.321;0.322;0.325;0.326;0.327;0.327;0.322;0.323;0.32;0.325;0.325;0.326;0.326;0.326;0.326;0.326
PRT;0.343;0.341;0.34;0.338;0.337;0.335;0.334;0.333;0.333;0.333;0.333;0.334;0.337;0.34;0.342;0.342;0.342;0.34;0.337;0.334;0.333;0.333;0.333;0.332;0.33;0.328;0.325;0.323;0.321;0.321;0.321;0.321
PRY;0.346;0.382;0.418;0.454;0.491;0.527;0.528;0.529;0.528;0.528;0.527;0.525;0.525;0.522;0.516;0.511;0.507;0.503;0.5;0.497;0.495;0.492;0.487;0.484;0.483;0.48;0.476;0.471;0.465;0.459;0.454;0.451
PSE;0.377;0.375;0.373;0.37;0.367;0.364;0.364;0.364;0.365;0.366;0.367;0.368;0.369;0.37;0.371;0.373;0.375;0.377;0.377;0.378;0.379;0.38;0.382;0.383;0.383;0.382;0.381;0.381;0.381;0.381;0.381;0.381
QAT;0.395;0.395;0.396;0.396;0.397;0.397;0.398;0.398;0.399;0.399;0.4;0.4;0.401;0.401;0.401;0.402;0.402;0.403;0.403;0.403;0.402;0.403;0.402;0.402;0.402;0.402;0.402;0.402;0.402;0.401;0.402;0.402
ROU;0.211;0.22;0.231;0.245;0.259;0.273;0.276;0.279;0.281;0.283;0.286;0.291;0.295;0.302;0.31;0.32;0.331;0.332;0.329;0.326;0.325;0.326;0.328;0.332;0.338;0.337;0.334;0.338;0.341;0.341;0.341;0.341
RUS;0.242;0.258;0.29;0.333;0.361;0.374;0.378;0.37;0.371;0.368;0.372;0.37;0.366;0.372;0.377;0.376;0.374;0.369;0.373;0.367;0.36;0.358;0.354;0.348;0.341;0.334;0.33;0.323;0.324;0.325;0.328;0.328
RWA;0.452;0.456;0.46;0.463;0.467;0.471;0.475;0.479;0.483;0.487;0.491;0.494;0.496;0.498;0.5;0.502;0.501;0.501;0.501;0.5;0.5;0.498;0.496;0.495;0.494;0.493;0.492;0.492;0.491;0.491;0.492;0.491
SAU;0.458;0.459;0.46;0.461;0.463;0.464;0.466;0.467;0.469;0.47;0.47;0.47;0.47;0.47;0.47;0.47;0.47;0.47;0.47;0.47;0.47;0.47;0.469;0.469;0.469;0.468;0.468;0.467;0.467;0.467;0.467;0.467
SDN;0.496;0.498;0.5;0.502;0.504;0.506;0.508;0.51;0.512;0.514;0.516;0.518;0.52;0.522;0.524;0.526;0.528;0.53;0.532;0.534;0.534;0.533;0.532;0.531;0.531;0.526;0.521;0.517;0.515;0.512;0.511;0.511
SEN;0.428;0.426;0.425;0.423;0.422;0.42;0.42;0.419;0.418;0.417;0.417;0.416;0.415;0.414;0.413;0.411;0.411;0.41;0.409;0.409;0.408;0.407;0.407;0.407;0.407;0.407;0.408;0.408;0.408;0.409;0.409;0.409
SGP;0.376;0.379;0.382;0.384;0.386;0.387;0.389;0.39;0.392;0.392;0.392;0.393;0.394;0.394;0.395;0.396;0.397;0.397;0.397;0.397;0.396;0.395;0.394;0.393;0.391;0.39;0.389;0.388;0.386;0.385;0.384;0.384
SLB;0.43;0.43;0.43;0.43;0.429;0.429;0.429;0.43;0.43;0.43;0.431;0.431;0.431;0.43;0.43;0.429;0.429;0.428;0.426;0.426;0.425;0.424;0.423;0.422;0.422;0.422;0.422;0.422;0.422;0.422;0.422;0.422
SLE;0.441;0.439;0.437;0.436;0.434;0.432;0.43;0.428;0.426;0.424;0.422;0.421;0.419;0.417;0.414;0.412;0.41;0.407;0.404;0.401;0.399;0.396;0.396;0.395;0.394;0.394;0.393;0.393;0.392;0.391;0.391;0.39
SLV;0.479;0.476;0.476;0.476;0.476;0.476;0.477;0.477;0.478;0.477;0.476;0.474;0.469;0.463;0.455;0.448;0.44;0.434;0.43;0.424;0.416;0.408;0.403;0.401;0.394;0.387;0.381;0.375;0.373;0.373;0.373;0.373
SMR;0.259;0.258;0.257;0.257;0.255;0.254;0.253;0.252;0.251;0.251;0.25;0.249;0.249;0.249;0.25;0.249;0.248;0.246;0.245;0.243;0.242;0.241;0.24;0.24;0.239;0.239;0.239;0.238;0.238;0.238;0.237;0.237
SOM;0.36;0.36;0.36;0.36;0.36;0.36;0.36;0.36;0.36;0.36;0.36;0.36;0.36;0.361;0.361;0.361;0.361;0.361;0.362;0.362;0.362;0.362;0.362;0.363;0.363;0.363;0.364;0.364;0.364;0.364;0.364;0.364
SRB;0.291;0.293;0.295;0.298;0.3;0.302;0.304;0.307;0.308;0.313;0.323;0.331;0.337;0.343;0.348;0.349;0.346;0.34;0.335;0.333;0.334;0.336;0.341;0.342;0.342;0.339;0.335;0.335;0.334;0.334;0.336;0.336
SSD;0.461;0.461;0.461;0.461;0.461;0.461;0.461;0.461;0.461;0.461;0.461;0.461;0.461;0.461;0.461;0.461;0.461;0.461;0.461;0.461;0.461;0.461;0.461;0.46;0.46;0.46;0.46;0.46;0.46;0.46;0.46;0.46
STP;0.404;0.404;0.404;0.404;0.403;0.403;0.403;0.403;0.403;0.403;0.403;0.403;0.403;0.403;0.403;0.403;0.402;0.402;0.402;0.402;0.402;0.402;0.402;0.401;0.401;0.401;0.401;0.401;0.401;0.401;0.401;0.401
SUR;0.484;0.483;0.481;0.479;0.477;0.476;0.476;0.476;0.476;0.477;0.477;0.477;0.478;0.478;0.478;0.478;0.478;0.477;0.476;0.475;0.474;0.474;0.473;0.472;0.471;0.471;0.47;0.47;0.47;0.47;0.47;0.47
SVK;0.168;0.174;0.187;0.191;0.205;0.219;0.233;0.238;0.243;0.246;0.251;0.255;0.259;0.264;0.266;0.266;0.254;0.251;0.251;0.255;0.257;0.253;0.25;0.253;0.248;0.243;0.235;0.228;0.229;0.226;0.222;0.222
SVN;0.219;0.226;0.232;0.236;0.234;0.234;0.234;0.234;0.235;0.234;0.235;0.235;0.236;0.237;0.236;0.239;0.237;0.234;0.235;0.243;0.248;0.249;0.257;0.255;0.253;0.252;0.247;0.244;0.244;0.244;0.243;0.242
SWE;0.228;0.227;0.23;0.237;0.24;0.232;0.243;0.251;0.252;0.254;0.252;0.251;0.248;0.242;0.239;0.239;0.242;0.247;0.251;0.253;0.256;0.258;0.259;0.262;0.264;0.266;0.268;0.268;0.268;0.267;0.267;0.267
SWZ;0.549;0.555;0.56;0.565;0.57;0.573;0.575;0.578;0.58;0.583;0.586;0.587;0.588;0.589;0.59;0.592;0.593;0.594;0.596;0.597;0.598;0.599;0.6;0.601;0.602;0.603;0.604;0.605;0.606;0.606;0.607;0.608
SYC;0.398;0.398;0.399;0.399;0.4;0.4;0.4;0.4;0.4;0.4;0.4;0.399;0.399;0.399;0.399;0.398;0.398;0.396;0.395;0.393;0.391;0.39;0.388;0.386;0.384;0.382;0.379;0.377;0.375;0.374;0.375;0.375
SYR;0.344;0.347;0.35;0.351;0.353;0.356;0.358;0.358;0.359;0.36;0.361;0.362;0.363;0.364;0.365;0.365;0.365;0.364;0.363;0.363;0.363;0.363;0.363;0.364;0.363;0.362;0.362;0.36;0.36;0.359;0.36;0.36
TCA;0.403;0.403;0.403;0.403;0.403;0.403;0.403;0.403;0.403;0.403;0.403;0.403;0.403;0.403;0.403;0.403;0.403;0.403;0.403;0.403;0.403;0.403;0.403;0.403;0.403;0.403;0.403;0.403;0.403;0.403;0.403;0.403
TCD;0.407;0.407;0.407;0.408;0.409;0.409;0.41;0.41;0.411;0.411;0.412;0.412;0.413;0.414;0.415;0.416;0.417;0.418;0.42;0.421;0.422;0.423;0.424;0.425;0.425;0.425;0.424;0.424;0.424;0.423;0.423;0.423
TGO;0.401;0.402;0.403;0.404;0.406;0.407;0.409;0.41;0.411;0.412;0.414;0.415;0.417;0.418;0.42;0.421;0.424;0.425;0.427;0.429;0.431;0.433;0.433;0.433;0.434;0.434;0.434;0.435;0.435;0.436;0.436;0.437
THA;0.443;0.443;0.444;0.442;0.441;0.44;0.438;0.437;0.436;0.435;0.434;0.432;0.43;0.428;0.427;0.425;0.423;0.419;0.415;0.412;0.407;0.404;0.4;0.396;0.392;0.388;0.386;0.384;0.381;0.38;0.379;0.379
TJK;0.347;0.355;0.362;0.369;0.376;0.383;0.39;0.397;0.404;0.411;0.417;0.423;0.429;0.435;0.437;0.437;0.438;0.438;0.438;0.438;0.438;0.439;0.439;0.44;0.441;0.443;0.436;0.43;0.427;0.421;0.417;0.417
TKM;0.306;0.311;0.315;0.32;0.323;0.326;0.329;0.332;0.336;0.337;0.339;0.34;0.341;0.343;0.344;0.346;0.345;0.347;0.351;0.354;0.356;0.356;0.357;0.356;0.356;0.355;0.355;0.354;0.353;0.352;0.352;0.352
TLS;0.323;0.329;0.335;0.341;0.347;0.353;0.35;0.348;0.346;0.345;0.344;0.343;0.341;0.338;0.336;0.334;0.332;0.33;0.329;0.328;0.328;0.327;0.326;0.325;0.325;0.324;0.323;0.32;0.318;0.316;0.314;0.312
TON;0.357;0.358;0.358;0.359;0.361;0.362;0.363;0.364;0.365;0.366;0.368;0.368;0.37;0.371;0.372;0.373;0.374;0.374;0.375;0.375;0.375;0.375;0.375;0.376;0.376;0.376;0.377;0.377;0.378;0.378;0.378;0.378
TTO;0.423;0.424;0.424;0.425;0.425;0.426;0.426;0.427;0.427;0.427;0.428;0.429;0.429;0.43;0.431;0.431;0.432;0.432;0.432;0.433;0.434;0.435;0.436;0.437;0.438;0.439;0.44;0.441;0.441;0.441;0.441;0.441
TUN;0.412;0.412;0.411;0.411;0.41;0.41;0.409;0.408;0.407;0.407;0.406;0.405;0.404;0.403;0.402;0.401;0.399;0.397;0.395;0.393;0.391;0.389;0.387;0.386;0.385;0.384;0.383;0.384;0.383;0.384;0.384;0.384
TUR;0.419;0.421;0.423;0.425;0.427;0.425;0.424;0.423;0.423;0.422;0.421;0.42;0.418;0.417;0.415;0.413;0.409;0.405;0.403;0.401;0.399;0.397;0.395;0.394;0.395;0.397;0.399;0.401;0.401;0.401;0.399;0.398
TUV;0.41;0.409;0.409;0.408;0.407;0.407;0.406;0.406;0.405;0.405;0.404;0.404;0.403;0.403;0.402;0.402;0.402;0.402;0.402;0.402;0.402;0.402;0.402;0.402;0.402;0.402;0.402;0.402;0.402;0.402;0.402;0.402
TWN;0.277;0.274;0.28;0.283;0.287;0.29;0.288;0.288;0.289;0.29;0.292;0.299;0.302;0.303;0.303;0.304;0.304;0.306;0.306;0.307;0.311;0.306;0.304;0.305;0.299;0.297;0.299;0.293;0.289;0.287;0.286;0.286
TZA;0.415;0.417;0.419;0.421;0.423;0.425;0.427;0.429;0.431;0.433;0.434;0.436;0.438;0.44;0.442;0.444;0.446;0.447;0.448;0.449;0.449;0.45;0.45;0.452;0.452;0.453;0.454;0.455;0.456;0.456;0.456;0.456
UGA;0.422;0.422;0.422;0.422;0.423;0.424;0.424;0.426;0.427;0.429;0.431;0.434;0.436;0.437;0.437;0.438;0.438;0.437;0.437;0.437;0.436;0.434;0.433;0.432;0.433;0.433;0.433;0.433;0.433;0.432;0.432;0.432
UKR;0.254;0.261;0.273;0.287;0.3;0.313;0.313;0.31;0.306;0.304;0.304;0.303;0.299;0.296;0.294;0.291;0.287;0.283;0.278;0.274;0.271;0.269;0.268;0.267;0.267;0.268;0.268;0.269;0.27;0.27;0.271;0.271
URY;0.399;0.395;0.39;0.388;0.386;0.384;0.384;0.388;0.393;0.4;0.405;0.415;0.421;0.423;0.429;0.427;0.43;0.429;0.425;0.417;0.404;0.385;0.365;0.371;0.368;0.368;0.366;0.366;0.367;0.368;0.37;0.371
USA;0.346;0.346;0.352;0.365;0.367;0.367;0.368;0.37;0.368;0.368;0.37;0.373;0.374;0.378;0.377;0.383;0.386;0.382;0.38;0.376;0.373;0.38;0.381;0.381;0.383;0.382;0.383;0.384;0.388;0.387;0.377;0.378
UZB;0.319;0.322;0.326;0.329;0.333;0.336;0.34;0.343;0.347;0.345;0.344;0.343;0.341;0.342;0.343;0.342;0.342;0.343;0.344;0.346;0.346;0.345;0.344;0.345;0.345;0.346;0.346;0.346;0.342;0.334;0.33;0.33
VCT;0.512;0.511;0.511;0.51;0.51;0.509;0.508;0.507;0.506;0.505;0.504;0.504;0.503;0.502;0.501;0.5;0.499;0.498;0.498;0.497;0.496;0.495;0.494;0.493;0.493;0.492;0.492;0.491;0.491;0.491;0.492;0.492
VCT;0.512;0.511;0.511;0.51;0.51;0.509;0.508;0.507;0.506;0.505;0.504;0.504;0.503;0.502;0.501;0.5;0.499;0.498;0.498;0.497;0.496;0.495;0.494;0.493;0.493;0.492;0.492;0.491;0.491;0.491;0.492;0.492
VEN;0.407;0.408;0.409;0.415;0.42;0.425;0.428;0.432;0.432;0.43;0.427;0.426;0.426;0.422;0.418;0.415;0.405;0.395;0.387;0.38;0.375;0.372;0.37;0.368;0.366;0.364;0.363;0.362;0.361;0.361;0.361;0.361
VNM;0.36;0.36;0.36;0.359;0.36;0.361;0.361;0.362;0.362;0.363;0.364;0.366;0.368;0.37;0.371;0.372;0.375;0.379;0.378;0.379;0.376;0.37;0.365;0.36;0.361;0.36;0.36;0.359;0.357;0.355;0.351;0.349
VUT;0.421;0.419;0.418;0.417;0.415;0.413;0.412;0.41;0.409;0.408;0.406;0.405;0.403;0.402;0.4;0.398;0.396;0.394;0.392;0.39;0.388;0.386;0.386;0.386;0.385;0.384;0.384;0.383;0.382;0.382;0.381;0.381
WSM;0.422;0.422;0.422;0.422;0.422;0.422;0.422;0.422;0.422;0.423;0.423;0.423;0.423;0.423;0.424;0.424;0.423;0.423;0.423;0.423;0.423;0.422;0.421;0.421;0.421;0.421;0.421;0.421;0.421;0.421;0.421;0.421
XKO;0.28;0.282;0.284;0.286;0.289;0.291;0.293;0.293;0.294;0.295;0.294;0.293;0.292;0.292;0.291;0.291;0.29;0.288;0.287;0.286;0.285;0.283;0.281;0.279;0.278;0.277;0.277;0.277;0.277;0.276;0.276;0.276
YEM;0.365;0.364;0.364;0.363;0.362;0.362;0.361;0.36;0.359;0.36;0.36;0.361;0.361;0.362;0.362;0.363;0.363;0.364;0.364;0.364;0.364;0.365;0.365;0.365;0.365;0.366;0.366;0.366;0.367;0.367;0.367;0.367
ZAF;0.6;0.601;0.602;0.603;0.603;0.603;0.605;0.607;0.608;0.61;0.611;0.614;0.617;0.62;0.623;0.627;0.631;0.633;0.635;0.634;0.634;0.633;0.63;0.629;0.628;0.627;0.625;0.624;0.623;0.622;0.623;0.623
ZMB;0.53;0.531;0.531;0.53;0.53;0.53;0.529;0.529;0.53;0.531;0.532;0.533;0.534;0.537;0.54;0.542;0.545;0.546;0.548;0.549;0.551;0.551;0.552;0.552;0.553;0.553;0.553;0.555;0.556;0.556;0.556;0.556
ZWE;0.479;0.479;0.479;0.479;0.479;0.479;0.478;0.478;0.478;0.477;0.477;0.477;0.476;0.475;0.474;0.474;0.473;0.472;0.471;0.471;0.47;0.469;0.47;0.47;0.47;0.471;0.471;0.472;0.473;0.473;0.473;0.473
NA;NA;NA;NA;NA;NA;NA;NA;NA;NA;NA;NA;NA;NA;NA;NA;NA;NA;NA;NA;NA;NA;NA;NA;NA;NA;NA;NA;NA;NA;NA;NA;NA
NA;NA;NA;NA;NA;NA;NA;NA;NA;NA;NA;NA;NA;NA;NA;NA;NA;NA;NA;NA;NA;NA;NA;NA;NA;NA;NA;NA;NA;NA;NA;NA;NA
NA;NA;NA;NA;NA;NA;NA;NA;NA;NA;NA;NA;NA;NA;NA;NA;NA;NA;NA;NA;NA;NA;NA;NA;NA;NA;NA;NA;NA;NA;NA;NA;NA
NA;NA;NA;NA;NA;NA;NA;NA;NA;NA;NA;NA;NA;NA;NA;NA;NA;NA;NA;NA;NA;NA;NA;NA;NA;NA;NA;NA;NA;NA;NA;NA;NA
NA;NA;NA;NA;NA;NA;NA;NA;NA;NA;NA;NA;NA;NA;NA;NA;NA;NA;NA;NA;NA;NA;NA;NA;NA;NA;NA;NA;NA;NA;NA;NA;NA
NA;NA;NA;NA;NA;NA;NA;NA;NA;NA;NA;NA;NA;NA;NA;NA;NA;NA;NA;NA;NA;NA;NA;NA;NA;NA;NA;NA;NA;NA;NA;NA;NA
NA;NA;NA;NA;NA;NA;NA;NA;NA;NA;NA;NA;NA;NA;NA;NA;NA;NA;NA;NA;NA;NA;NA;NA;NA;NA;NA;NA;NA;NA;NA;NA;NA
NA;NA;NA;NA;NA;NA;NA;NA;NA;NA;NA;NA;NA;NA;NA;NA;NA;NA;NA;NA;NA;NA;NA;NA;NA;NA;NA;NA;NA;NA;NA;NA;NA
NA;NA;NA;NA;NA;NA;NA;NA;NA;NA;NA;NA;NA;NA;NA;NA;NA;NA;NA;NA;NA;NA;NA;NA;NA;NA;NA;NA;NA;NA;NA;NA;NA
NA;NA;NA;NA;NA;NA;NA;NA;NA;NA;NA;NA;NA;NA;NA;NA;NA;NA;NA;NA;NA;NA;NA;NA;NA;NA;NA;NA;NA;NA;NA;NA;NA
NA;NA;NA;NA;NA;NA;NA;NA;NA;NA;NA;NA;NA;NA;NA;NA;NA;NA;NA;NA;NA;NA;NA;NA;NA;NA;NA;NA;NA;NA;NA;NA;NA
NA;NA;NA;NA;NA;NA;NA;NA;NA;NA;NA;NA;NA;NA;NA;NA;NA;NA;NA;NA;NA;NA;NA;NA;NA;NA;NA;NA;NA;NA;NA;NA;NA
NA;NA;NA;NA;NA;NA;NA;NA;NA;NA;NA;NA;NA;NA;NA;NA;NA;NA;NA;NA;NA;NA;NA;NA;NA;NA;NA;NA;NA;NA;NA;NA;NA
NA;NA;NA;NA;NA;NA;NA;NA;NA;NA;NA;NA;NA;NA;NA;NA;NA;NA;NA;NA;NA;NA;NA;NA;NA;NA;NA;NA;NA;NA;NA;NA;NA
NA;NA;NA;NA;NA;NA;NA;NA;NA;NA;NA;NA;NA;NA;NA;NA;NA;NA;NA;NA;NA;NA;NA;NA;NA;NA;NA;NA;NA;NA;NA;NA;NA
NA;NA;NA;NA;NA;NA;NA;NA;NA;NA;NA;NA;NA;NA;NA;NA;NA;NA;NA;NA;NA;NA;NA;NA;NA;NA;NA;NA;NA;NA;NA;NA;NA
NA;NA;NA;NA;NA;NA;NA;NA;NA;NA;NA;NA;NA;NA;NA;NA;NA;NA;NA;NA;NA;NA;NA;NA;NA;NA;NA;NA;NA;NA;NA;NA;NA
NA;NA;NA;NA;NA;NA;NA;NA;NA;NA;NA;NA;NA;NA;NA;NA;NA;NA;NA;NA;NA;NA;NA;NA;NA;NA;NA;NA;NA;NA;NA;NA;NA
NA;NA;NA;NA;NA;NA;NA;NA;NA;NA;NA;NA;NA;NA;NA;NA;NA;NA;NA;NA;NA;NA;NA;NA;NA;NA;NA;NA;NA;NA;NA;NA;NA
NA;NA;NA;NA;NA;NA;NA;NA;NA;NA;NA;NA;NA;NA;NA;NA;NA;NA;NA;NA;NA;NA;NA;NA;NA;NA;NA;NA;NA;NA;NA;NA;NA
NA;NA;NA;NA;NA;NA;NA;NA;NA;NA;NA;NA;NA;NA;NA;NA;NA;NA;NA;NA;NA;NA;NA;NA;NA;NA;NA;NA;NA;NA;NA;NA;NA
NA;NA;NA;NA;NA;NA;NA;NA;NA;NA;NA;NA;NA;NA;NA;NA;NA;NA;NA;NA;NA;NA;NA;NA;NA;NA;NA;NA;NA;NA;NA;NA;NA
NA;NA;NA;NA;NA;NA;NA;NA;NA;NA;NA;NA;NA;NA;NA;NA;NA;NA;NA;NA;NA;NA;NA;NA;NA;NA;NA;NA;NA;NA;NA;NA;NA
NA;NA;NA;NA;NA;NA;NA;NA;NA;NA;NA;NA;NA;NA;NA;NA;NA;NA;NA;NA;NA;NA;NA;NA;NA;NA;NA;NA;NA;NA;NA;NA;NA
NA;NA;NA;NA;NA;NA;NA;NA;NA;NA;NA;NA;NA;NA;NA;NA;NA;NA;NA;NA;NA;NA;NA;NA;NA;NA;NA;NA;NA;NA;NA;NA;NA
NA;NA;NA;NA;NA;NA;NA;NA;NA;NA;NA;NA;NA;NA;NA;NA;NA;NA;NA;NA;NA;NA;NA;NA;NA;NA;NA;NA;NA;NA;NA;NA;NA
NA;NA;NA;NA;NA;NA;NA;NA;NA;NA;NA;NA;NA;NA;NA;NA;NA;NA;NA;NA;NA;NA;NA;NA;NA;NA;NA;NA;NA;NA;NA;NA;NA
NA;NA;NA;NA;NA;NA;NA;NA;NA;NA;NA;NA;NA;NA;NA;NA;NA;NA;NA;NA;NA;NA;NA;NA;NA;NA;NA;NA;NA;NA;NA;NA;NA
NA;NA;NA;NA;NA;NA;NA;NA;NA;NA;NA;NA;NA;NA;NA;NA;NA;NA;NA;NA;NA;NA;NA;NA;NA;NA;NA;NA;NA;NA;NA;NA;NA
NA;NA;NA;NA;NA;NA;NA;NA;NA;NA;NA;NA;NA;NA;NA;NA;NA;NA;NA;NA;NA;NA;NA;NA;NA;NA;NA;NA;NA;NA;NA;NA;NA
NA;NA;NA;NA;NA;NA;NA;NA;NA;NA;NA;NA;NA;NA;NA;NA;NA;NA;NA;NA;NA;NA;NA;NA;NA;NA;NA;NA;NA;NA;NA;NA;NA
NA;NA;NA;NA;NA;NA;NA;NA;NA;NA;NA;NA;NA;NA;NA;NA;NA;NA;NA;NA;NA;NA;NA;NA;NA;NA;NA;NA;NA;NA;NA;NA;NA
NA;NA;NA;NA;NA;NA;NA;NA;NA;NA;NA;NA;NA;NA;NA;NA;NA;NA;NA;NA;NA;NA;NA;NA;NA;NA;NA;NA;NA;NA;NA;NA;NA
NA;NA;NA;NA;NA;NA;NA;NA;NA;NA;NA;NA;NA;NA;NA;NA;NA;NA;NA;NA;NA;NA;NA;NA;NA;NA;NA;NA;NA;NA;NA;NA;NA
NA;NA;NA;NA;NA;NA;NA;NA;NA;NA;NA;NA;NA;NA;NA;NA;NA;NA;NA;NA;NA;NA;NA;NA;NA;NA;NA;NA;NA;NA;NA;NA;NA
NA;NA;NA;NA;NA;NA;NA;NA;NA;NA;NA;NA;NA;NA;NA;NA;NA;NA;NA;NA;NA;NA;NA;NA;NA;NA;NA;NA;NA;NA;NA;NA;NA
NA;NA;NA;NA;NA;NA;NA;NA;NA;NA;NA;NA;NA;NA;NA;NA;NA;NA;NA;NA;NA;NA;NA;NA;NA;NA;NA;NA;NA;NA;NA;NA;NA
NA;NA;NA;NA;NA;NA;NA;NA;NA;NA;NA;NA;NA;NA;NA;NA;NA;NA;NA;NA;NA;NA;NA;NA;NA;NA;NA;NA;NA;NA;NA;NA;NA
NA;NA;NA;NA;NA;NA;NA;NA;NA;NA;NA;NA;NA;NA;NA;NA;NA;NA;NA;NA;NA;NA;NA;NA;NA;NA;NA;NA;NA;NA;NA;NA;NA
NA;NA;NA;NA;NA;NA;NA;NA;NA;NA;NA;NA;NA;NA;NA;NA;NA;NA;NA;NA;NA;NA;NA;NA;NA;NA;NA;NA;NA;NA;NA;NA;NA
NA;NA;NA;NA;NA;NA;NA;NA;NA;NA;NA;NA;NA;NA;NA;NA;NA;NA;NA;NA;NA;NA;NA;NA;NA;NA;NA;NA;NA;NA;NA;NA;NA
NA;NA;NA;NA;NA;NA;NA;NA;NA;NA;NA;NA;NA;NA;NA;NA;NA;NA;NA;NA;NA;NA;NA;NA;NA;NA;NA;NA;NA;NA;NA;NA;NA
NA;NA;NA;NA;NA;NA;NA;NA;NA;NA;NA;NA;NA;NA;NA;NA;NA;NA;NA;NA;NA;NA;NA;NA;NA;NA;NA;NA;NA;NA;NA;NA;NA
NA;NA;NA;NA;NA;NA;NA;NA;NA;NA;NA;NA;NA;NA;NA;NA;NA;NA;NA;NA;NA;NA;NA;NA;NA;NA;NA;NA;NA;NA;NA;NA;NA
NA;NA;NA;NA;NA;NA;NA;NA;NA;NA;NA;NA;NA;NA;NA;NA;NA;NA;NA;NA;NA;NA;NA;NA;NA;NA;NA;NA;NA;NA;NA;NA;NA
NA;NA;NA;NA;NA;NA;NA;NA;NA;NA;NA;NA;NA;NA;NA;NA;NA;NA;NA;NA;NA;NA;NA;NA;NA;NA;NA;NA;NA;NA;NA;NA;NA
NA;NA;NA;NA;NA;NA;NA;NA;NA;NA;NA;NA;NA;NA;NA;NA;NA;NA;NA;NA;NA;NA;NA;NA;NA;NA;NA;NA;NA;NA;NA;NA;NA
NA;NA;NA;NA;NA;NA;NA;NA;NA;NA;NA;NA;NA;NA;NA;NA;NA;NA;NA;NA;NA;NA;NA;NA;NA;NA;NA;NA;NA;NA;NA;NA;NA
NA;NA;NA;NA;NA;NA;NA;NA;NA;NA;NA;NA;NA;NA;NA;NA;NA;NA;NA;NA;NA;NA;NA;NA;NA;NA;NA;NA;NA;NA;NA;NA;NA
NA;NA;NA;NA;NA;NA;NA;NA;NA;NA;NA;NA;NA;NA;NA;NA;NA;NA;NA;NA;NA;NA;NA;NA;NA;NA;NA;NA;NA;NA;NA;NA;NA
NA;NA;NA;NA;NA;NA;NA;NA;NA;NA;NA;NA;NA;NA;NA;NA;NA;NA;NA;NA;NA;NA;NA;NA;NA;NA;NA;NA;NA;NA;NA;NA;NA